{"cameraMode":{"drawMode":0,"name":"Shaded","section":"Shading Mode"},"sceneLighting":true,"audioPlay":false,"sceneViewState":{"showFog":true,"showMaterialUpdate":false,"showSkybox":true,"showFlares":true,"showImageEffects":true,"showParticleSystems":true},"in2DMode":false,"pivot":{"x":-62.981597900390628,"y":5.603346824645996,"z":-23.451946258544923},"rotation":{"x":-0.002459258772432804,"y":1.000061273574829,"z":-0.03931736573576927,"w":-0.005014357157051563},"size":12.405909538269043,"orthographic":false}