{"cameraMode":{"drawMode":0,"name":"Shaded","section":"Shading Mode"},"sceneLighting":true,"audioPlay":false,"sceneViewState":{"showFog":true,"showMaterialUpdate":false,"showSkybox":true,"showFlares":true,"showImageEffects":true,"showParticleSystems":true},"in2DMode":false,"pivot":{"x":-2.841209650039673,"y":37.35082244873047,"z":8.256081581115723},"rotation":{"x":0.002206074073910713,"y":-0.014354702085256577,"z":0.02656487002968788,"w":-1.000498652458191},"size":22.42531967163086,"orthographic":false}