{"cameraMode":{"drawMode":0,"name":"Shaded","section":"Shading Mode"},"sceneLighting":false,"audioPlay":false,"sceneViewState":{"showFog":true,"showMaterialUpdate":false,"showSkybox":true,"showFlares":true,"showImageEffects":true,"showParticleSystems":true},"in2DMode":false,"pivot":{"x":-18.11244773864746,"y":6.501089096069336,"z":6.115384101867676},"rotation":{"x":-0.02324318140745163,"y":-0.7088058590888977,"z":-0.005782896652817726,"w":-0.7072811126708984},"size":47.087379455566409,"orthographic":false}