{"cameraMode":{"drawMode":0,"name":"Shaded","section":"Shading Mode"},"sceneLighting":false,"audioPlay":false,"sceneViewState":{"showFog":true,"showMaterialUpdate":false,"showSkybox":false,"showFlares":true,"showImageEffects":true,"showParticleSystems":true},"in2DMode":false,"pivot":{"x":-113.47301483154297,"y":2.0449156761169435,"z":25.673049926757814},"rotation":{"x":-0.1191510483622551,"y":0.610779345035553,"z":-0.09470145404338837,"w":-0.7776824235916138},"size":49.292728424072269,"orthographic":false}