{"cameraMode":{"drawMode":0,"name":"Shaded","section":"Shading Mode"},"sceneLighting":false,"audioPlay":false,"sceneViewState":{"showFog":true,"showMaterialUpdate":false,"showSkybox":false,"showFlares":true,"showImageEffects":true,"showParticleSystems":true},"in2DMode":false,"pivot":{"x":557.81103515625,"y":321.0142822265625,"z":13.1307373046875},"rotation":{"x":-0.05128078535199165,"y":0.017068272456526758,"z":-0.0008779675699770451,"w":-0.9985500574111939},"size":1201.5811767578125,"orthographic":false}